name,price,originalPrice,category,subcategory,brand,description,mainImage,images,rating,reviews,weight,simpleFlavors,variants,featured,trending,bestSeller,lovedByExperts,onSale,shopByGoal,nutritionInfo,ingredients,certifications,nutritionImage,slug
AVVATAR Whey Protein,2999,3499,SPORTS NUTRITION,Proteins,AVVATAR,Premium whey protein isolate,https://cdn2.nutrabay.com/uploads/variant/images/featured_image-NB-NUT-1061-23-1756467618-1500x1500.webp,"https://cdn2.nutrabay.com/uploads/variant/images/image_2-NB-NUT-1061-23-1756467320-1500x1500.webp",4.5,150,1kg,"Chocolate,Vanilla,Strawberry","[{\"flavor\":\"Chocolate\",\"weight\":\"1kg\",\"price\":2999},{\"flavor\":\"Vanilla\",\"weight\":\"1kg\",\"price\":2999},{\"flavor\":\"Strawberry\",\"weight\":\"1kg\",\"price\":2999},{\"flavor\":\"Chocolate\",\"weight\":\"2kg\",\"price\":5499}]",TRUE,FALSE,TRUE,TRUE,FALSE,MUSCLE_GAIN,"Per serving (30g): 25g Protein, 110 Calories","Whey Protein Isolate, Natural Flavors",FDA Approved,https://img1.hkrtcdn.com/37787/normal_3778681_o.jpg,avvatar-whey-protein
MUSCLETECH Mass Gainer,3299,3799,SPORTS NUTRITION,Gainers,MUSCLETECH,High-calorie mass gainer,https://cdn2.nutrabay.com/uploads/variant/images/featured_image-NB-NUT-1061-23-1756467618-1500x1500.webp,"https://cdn2.nutrabay.com/uploads/variant/images/image_2-NB-NUT-1061-23-1756467320-1500x1500.webp",4.2,89,3kg,"Chocolate,Vanilla","[{\"flavor\":\"Chocolate\",\"weight\":\"3kg\",\"price\":3299},{\"flavor\":\"Vanilla\",\"weight\":\"3kg\",\"price\":3299},{\"flavor\":\"Chocolate\",\"weight\":\"6kg\",\"price\":5999}]",FALSE,TRUE,FALSE,FALSE,FALSE,MUSCLE_GAIN,"Per serving (100g): 50g Protein, 1000 Calories","Whey Protein Concentrate, Maltodextrin",GMP Certified,https://img1.hkrtcdn.com/37787/normal_3778681_o.jpg,muscletech-mass-gainer
ON (OPTIMUM NUTRITION) Pre-Workout,2499,2999,SPORTS NUTRITION,Pre/Post Workout,ON (OPTIMUM NUTRITION),Explosive pre-workout formula,https://cdn2.nutrabay.com/uploads/variant/images/featured_image-NB-NUT-1061-23-1756467618-1500x1500.webp,"https://cdn2.nutrabay.com/uploads/variant/images/image_2-NB-NUT-1061-23-1756467320-1500x1500.webp",4.3,200,300g,"Fruit Punch,Blue Razz","[{\"flavor\":\"Fruit Punch\",\"weight\":\"300g\",\"price\":2499},{\"flavor\":\"Blue Razz\",\"weight\":\"300g\",\"price\":2499},{\"flavor\":\"Watermelon\",\"weight\":\"300g\",\"price\":2499}]",TRUE,TRUE,TRUE,FALSE,TRUE,ENERGY_PERFORMANCE,"Per serving (10g): 200mg Caffeine, 3g Beta-Alanine","Caffeine Anhydrous, Beta-Alanine",NSF Certified,,optimum-nutrition-pre-workout
BSN Amino Acids,1899,2299,SPORTS NUTRITION,Amino Acids,BSN,Essential amino acids for recovery,https://cdn2.nutrabay.com/uploads/variant/images/featured_image-NB-NUT-1061-23-1756467618-1500x1500.webp,"https://cdn2.nutrabay.com/uploads/variant/images/image_2-NB-NUT-1061-23-1756467320-1500x1500.webp",4.1,120,500g,"Orange,Lemon",{},false,false,true,true,FALSE,MUSCLE_GAIN,"Per serving (15g): 7g BCAA, 10 Calories","L-Leucine, L-Isoleucine, L-Valine",Quality Tested,,bsn-amino-acids
DYMATIZE Protein,3199,3699,SPORTS NUTRITION,Proteins,DYMATIZE,Premium protein supplement,https://cdn2.nutrabay.com/uploads/variant/images/featured_image-NB-NUT-1061-23-1756467618-1500x1500.webp,"https://cdn2.nutrabay.com/uploads/variant/images/image_2-NB-NUT-1061-23-1756467320-1500x1500.webp",4.4,180,2kg,"Chocolate,Vanilla,Cookies",{},true,false,false,TRUE,TRUE,MUSCLE_GAIN,"Per serving (32g): 25g Protein, 120 Calories","Whey Protein Isolate, Whey Protein Concentrate",FDA Approved,,dymatize-protein
GHOST Protein,3299,3799,SPORTS NUTRITION,Proteins,GHOST,Transparent protein formula,https://cdn2.nutrabay.com/uploads/variant/images/featured_image-NB-NUT-1061-23-1756467618-1500x1500.webp,"https://cdn2.nutrabay.com/uploads/variant/images/image_2-NB-NUT-1061-23-1756467320-1500x1500.webp",4.5,190,2kg,"Cereal Milk,Peanut Butter","[{\"flavor\":\"Cereal Milk\",\"weight\":\"2kg\",\"price\":3299},{\"flavor\":\"Peanut Butter\",\"weight\":\"2kg\",\"price\":3299},{\"flavor\":\"Cereal Milk\",\"weight\":\"1kg\",\"price\":1899}]",TRUE,TRUE,TRUE,FALSE,FALSE,MUSCLE_GAIN,"Per serving (32g): 25g Protein, 120 Calories","Whey Protein Isolate, Natural Flavors",FDA Approved,,ghost-protein
LABRADA Mass Gainer,4199,4799,SPORTS NUTRITION,Gainers,LABRADA,Lean body mass gainer,https://cdn2.nutrabay.com/uploads/variant/images/featured_image-NB-NUT-1061-23-1756467618-1500x1500.webp,"https://cdn2.nutrabay.com/uploads/variant/images/image_2-NB-NUT-1061-23-1756467320-1500x1500.webp",4.3,145,6kg,"Chocolate,Vanilla,Strawberry","[{\"flavor\":\"Chocolate\",\"weight\":\"6kg\",\"price\":4199},{\"flavor\":\"Vanilla\",\"weight\":\"6kg\",\"price\":4199},{\"flavor\":\"Strawberry\",\"weight\":\"6kg\",\"price\":4199},{\"flavor\":\"Chocolate\",\"weight\":\"3kg\",\"price\":2499}]",TRUE,FALSE,TRUE,FALSE,FALSE,MUSCLE_GAIN,"Per serving (168g): 60g Protein, 834 Calories","Whey Protein Concentrate, Maltodextrin",GMP Certified,,labrada-mass-gainer
UNIVERSAL Whey Protein,3599,4099,SPORTS NUTRITION,Proteins,UNIVERSAL,Complete whey protein,https://cdn2.nutrabay.com/uploads/variant/images/featured_image-NB-NUT-1061-23-1756467618-1500x1500.webp,"https://cdn2.nutrabay.com/uploads/variant/images/image_2-NB-NUT-1061-23-1756467320-1500x1500.webp",4.4,180,2kg,"Chocolate Coconut,Vanilla",{},false,true,true,true,FALSE,MUSCLE_GAIN,"Per serving (30g): 25g Protein, 130 Calories","Whey Protein Concentrate, Whey Protein Isolate",FDA Approved,,universal-whey-protein
MUTANT BCAA,1999,2399,SPORTS NUTRITION,Amino Acids,MUTANT,Complete BCAA formula,https://cdn2.nutrabay.com/uploads/variant/images/featured_image-NB-NUT-1061-23-1756467618-1500x1500.webp,"https://cdn2.nutrabay.com/uploads/variant/images/image_2-NB-NUT-1061-23-1756467320-1500x1500.webp",4.2,140,348g,"Blue Razz,Pineapple Passion",{},false,true,true,false,FALSE,MUSCLE_GAIN,"Per serving (12g): 9.7g BCAA + EAA, 0 Calories","BCAA 2:1:1, Essential Amino Acids",Quality Tested,,mutant-bcaa
GASPARI Aminolast,2299,2799,SPORTS NUTRITION,Amino Acids,GASPARI,Recovery & endurance BCAA,https://cdn2.nutrabay.com/uploads/variant/images/featured_image-NB-NUT-1061-23-1756467618-1500x1500.webp,"https://cdn2.nutrabay.com/uploads/variant/images/image_2-NB-NUT-1061-23-1756467320-1500x1500.webp",4.1,130,420g,"Lemon Ice,Fruit Punch",{},true,false,false,true,FALSE,MUSCLE_GAIN,"Per serving (14g): 10g Amino Acids","BCAA, Leucine Peptides, Alanyl-Glutamine",FDA Approved,,gaspari-aminolast
PROSUPPS Hyde,2599,3099,SPORTS NUTRITION,Pre/Post Workout,PROSUPPS,Nightmare pre-workout,https://cdn2.nutrabay.com/uploads/variant/images/featured_image-NB-NUT-1061-23-1756467618-1500x1500.webp,"https://cdn2.nutrabay.com/uploads/variant/images/image_2-NB-NUT-1061-23-1756467320-1500x1500.webp",4.3,160,300g,"Blue Razz,Fruit Punch",{},false,true,true,false,TRUE,ENERGY_PERFORMANCE,"Per serving (7.3g): 300mg Caffeine, 3g Creatine","Caffeine, Creatine Nitrate, Beta-Alanine",GMP Certified,,prosupps-hyde
INSANE LABZ Psychotic,2199,2699,SPORTS NUTRITION,Pre/Post Workout,INSANE LABZ,Psychotic pre-workout,https://cdn2.nutrabay.com/uploads/variant/images/featured_image-NB-NUT-1061-23-1756467618-1500x1500.webp,"https://cdn2.nutrabay.com/uploads/variant/images/image_2-NB-NUT-1061-23-1756467320-1500x1500.webp",4.2,145,220g,"Fruit Punch,Grape,Apple",{},false,false,true,TRUE,TRUE,ENERGY_PERFORMANCE,"Per serving (3.54g): 400mg Caffeine Blend","Caffeine, Beta-Alanine, Creatine Monohydrate",Quality Tested,,insane-labz-psychotic
KEVIN LEVRONE Gold Whey,3399,3899,SPORTS NUTRITION,Proteins,KEVIN LEVRONE,Premium whey protein,https://cdn2.nutrabay.com/uploads/variant/images/featured_image-NB-NUT-1061-23-1756467618-1500x1500.webp,"https://cdn2.nutrabay.com/uploads/variant/images/image_2-NB-NUT-1061-23-1756467320-1500x1500.webp",4.4,170,2kg,"Chocolate,Vanilla,Strawberry",{},true,false,false,TRUE,FALSE,MUSCLE_GAIN,"Per serving (30g): 23g Protein, 113 Calories","Whey Protein Concentrate, Whey Protein Isolate",FDA Approved,,kevin-levrone-gold-whey
RONNIE COLEMAN Signature,3799,4299,SPORTS NUTRITION,Proteins,RONNIE COLEMAN,King whey protein,https://cdn2.nutrabay.com/uploads/variant/images/featured_image-NB-NUT-1061-23-1756467618-1500x1500.webp,"https://cdn2.nutrabay.com/uploads/variant/images/image_2-NB-NUT-1061-23-1756467320-1500x1500.webp",4.6,210,2.27kg,"Chocolate Fudge,Vanilla",{},true,true,true,true,FALSE,MUSCLE_GAIN,"Per serving (34g): 30g Protein, 130 Calories","Whey Protein Isolate, Whey Protein Concentrate",Quality Tested,,ronnie-coleman-signature
APPLIED NUTRITION ABE,2699,3199,SPORTS NUTRITION,Pre/Post Workout,APPLIED NUTRITION,All black everything pre-workout,https://cdn2.nutrabay.com/uploads/variant/images/featured_image-NB-NUT-1061-23-1756467618-1500x1500.webp,"https://cdn2.nutrabay.com/uploads/variant/images/image_2-NB-NUT-1061-23-1756467320-1500x1500.webp",4.4,175,315g,"Bubblegum,Cherry Cola",{},true,false,true,true,FALSE,ENERGY_PERFORMANCE,"Per serving (10.5g): 200mg Caffeine, 6g Citrulline","Citrulline Malate, Beta-Alanine, Caffeine",NSF Certified,,applied-nutrition-abe
RYSE Mass Gainer,3899,4399,SPORTS NUTRITION,Gainers,RYSE,Premium mass gainer,https://cdn2.nutrabay.com/uploads/variant/images/featured_image-NB-NUT-1061-23-1756467618-1500x1500.webp,"https://cdn2.nutrabay.com/uploads/variant/images/image_2-NB-NUT-1061-23-1756467320-1500x1500.webp",4.2,125,5kg,"Chocolate Fudge,Vanilla",{},true,false,false,false,TRUE,MUSCLE_GAIN,"Per serving (150g): 40g Protein, 750 Calories","Whey Protein Blend, Oat Flour, MCT Oil",Quality Tested,,ryse-mass-gainer
ULTIMATE NUTRITION Protein,2899,3399,SPORTS NUTRITION,Proteins,ULTIMATE NUTRITION,Pure whey protein stack,https://cdn2.nutrabay.com/uploads/variant/images/featured_image-NB-NUT-1061-23-1756467618-1500x1500.webp,"https://cdn2.nutrabay.com/uploads/variant/images/image_2-NB-NUT-1061-23-1756467320-1500x1500.webp",4.3,150,2.2kg,"Chocolate,Vanilla,Banana",{},false,true,true,FALSE,FALSE,MUSCLE_GAIN,"Per serving (32g): 22g Protein, 110 Calories","Whey Protein Concentrate, Natural Flavors",Quality Tested,,ultimate-nutrition-protein
MHP Mass Gainer,4299,4899,SPORTS NUTRITION,Gainers,MHP,Mega mass 4000 gainer,https://cdn2.nutrabay.com/uploads/variant/images/featured_image-NB-NUT-1061-23-1756467618-1500x1500.webp,"https://cdn2.nutrabay.com/uploads/variant/images/image_2-NB-NUT-1061-23-1756467320-1500x1500.webp",4.0,95,4.5kg,"Chocolate,Vanilla",{},false,false,true,true,TRUE,MUSCLE_GAIN,"Per serving (145g): 60g Protein, 600 Calories","Whey Protein, Casein Protein, Egg Protein",FDA Approved,,mhp-mass-gainer
NUTREX Lipo-6 Black,2799,3299,VITAMINS & SUPPLEMENTS,Fat Burners,NUTREX,Ultra concentrate fat burner,https://cdn2.nutrabay.com/uploads/variant/images/featured_image-NB-NUT-1061-23-1756467618-1500x1500.webp,"https://cdn2.nutrabay.com/uploads/variant/images/image_2-NB-NUT-1061-23-1756467320-1500x1500.webp",4.1,125,60 capsules,,[],false,false,true,true,true,WEIGHT_LOSS,"Per capsule: 420mg Proprietary Blend","Caffeine Anhydrous, Yohimbine HCl",FDA Approved,,nutrex-lipo-6-black
NOW Multivitamin,899,1199,VITAMINS & SUPPLEMENTS,Multivitamins,NOW,Complete multivitamin,https://cdn2.nutrabay.com/uploads/variant/images/featured_image-NB-NUT-1061-23-1756467618-1500x1500.webp,"https://cdn2.nutrabay.com/uploads/variant/images/image_2-NB-NUT-1061-23-1756467320-1500x1500.webp",4.3,175,100 tablets,,[],true,false,true,false,false,HEALTH_WELLNESS,"Per tablet: 23 Essential Vitamins & Minerals","Vitamin A, C, D, E, B-Complex, Iron",FDA Approved,,now-multivitamin
CENTRUM Multivitamin,799,999,VITAMINS & SUPPLEMENTS,Multivitamins,CENTRUM,Daily multivitamin,https://cdn2.nutrabay.com/uploads/variant/images/featured_image-NB-NUT-1061-23-1756467618-1500x1500.webp,"https://cdn2.nutrabay.com/uploads/variant/images/image_2-NB-NUT-1061-23-1756467320-1500x1500.webp",4.4,200,100 tablets,,[],false,true,false,true,false,HEALTH_WELLNESS,"Per tablet: 24 Key Nutrients, Antioxidants","Multivitamin & Multimineral Complex",Quality Tested,,centrum-multivitamin
GNC Omega-3,1299,1599,VITAMINS & SUPPLEMENTS,Omega Fatty Acids,GNC,Ultra omega-3 fish oil,https://cdn2.nutrabay.com/uploads/variant/images/featured_image-NB-NUT-1061-23-1756467618-1500x1500.webp,"https://cdn2.nutrabay.com/uploads/variant/images/image_2-NB-NUT-1061-23-1756467320-1500x1500.webp",4.4,170,90 softgels,,[],false,true,true,false,false,HEALTH_WELLNESS,"Per softgel: 1000mg Fish Oil, 300mg EPA","Molecularly Distilled Fish Oil",FDA Approved,,gnc-omega-3
TATA 1MG Fish Oil,1499,1799,VITAMINS & SUPPLEMENTS,Omega Fatty Acids,TATA 1MG,Super omega-3 gems,https://cdn2.nutrabay.com/uploads/variant/images/featured_image-NB-NUT-1061-23-1756467618-1500x1500.webp,"https://cdn2.nutrabay.com/uploads/variant/images/image_2-NB-NUT-1061-23-1756467320-1500x1500.webp",4.5,190,100 softgels,,[],true,true,true,true,false,HEALTH_WELLNESS,"Per softgel: 1000mg Fish Oil, 600mg EPA+DHA","Norwegian Fish Oil, Vitamin E",Quality Tested,,tata-1mg-fish-oil
HEALTHYHEY NUTRITION Omega,1699,1999,VITAMINS & SUPPLEMENTS,Omega Fatty Acids,HEALTHYHEY NUTRITION,Omega-3 fish oil supplement,https://cdn2.nutrabay.com/uploads/variant/images/featured_image-NB-NUT-1061-23-1756467618-1500x1500.webp,"https://cdn2.nutrabay.com/uploads/variant/images/image_2-NB-NUT-1061-23-1756467320-1500x1500.webp",4.2,145,454ml,"Mango Peach,Key Lime",{},false,false,false,true,TRUE,HEALTH_WELLNESS,"Per serving (15ml): 1500mg Omega-3","Ultra-Pure Fish Oil, Natural Flavors",Organic Certified,,healthyhey-nutrition-omega
CUREGARDEN Boswellia,1199,1499,AYURVEDA & HERBS,Vital Herbs,CUREGARDEN,Boswellia serrata extract,https://cdn2.nutrabay.com/uploads/variant/images/featured_image-NB-NUT-1061-23-1756467618-1500x1500.webp,"https://cdn2.nutrabay.com/uploads/variant/images/image_2-NB-NUT-1061-23-1756467320-1500x1500.webp",4.1,125,90 capsules,,[],true,false,true,false,false,HEALTH_WELLNESS,"Per capsule: 400mg Boswellia Extract","Boswellia Serrata Gum Extract",Ayurvedic Certified,,curegarden-boswellia
MIDUTY Guggul,999,1299,AYURVEDA & HERBS,Herbs for Weight Loss,MIDUTY,Commiphora mukul extract,https://cdn2.nutrabay.com/uploads/variant/images/featured_image-NB-NUT-1061-23-1756467618-1500x1500.webp,"https://cdn2.nutrabay.com/uploads/variant/images/image_2-NB-NUT-1061-23-1756467320-1500x1500.webp",4.0,110,60 capsules,,[],false,true,false,true,true,WEIGHT_LOSS,"Per capsule: 500mg Guggul Extract","Commiphora Mukul Gum Extract",Quality Tested,,miduty-guggul
WHATS UP WELLNESS Fenugreek,899,1199,AYURVEDA & HERBS,Vital Herbs,WHATS UP WELLNESS,Trigonella foenum-graecum,https://cdn2.nutrabay.com/uploads/variant/images/featured_image-NB-NUT-1061-23-1756467618-1500x1500.webp,"https://cdn2.nutrabay.com/uploads/variant/images/image_2-NB-NUT-1061-23-1756467320-1500x1500.webp",4.2,135,90 capsules,,[],true,false,false,false,false,HEALTH_WELLNESS,"Per capsule: 500mg Fenugreek Seed Extract","Fenugreek Seed Extract, Vegetable Capsule",Organic Certified,,whats-up-wellness-fenugreek
CARBAMIDE FORTE Bitter Melon,1099,1399,AYURVEDA & HERBS,Herbs for Weight Loss,CARBAMIDE FORTE,Momordica charantia extract,https://cdn2.nutrabay.com/uploads/variant/images/featured_image-NB-NUT-1061-23-1756467618-1500x1500.webp,"https://cdn2.nutrabay.com/uploads/variant/images/image_2-NB-NUT-1061-23-1756467320-1500x1500.webp",3.9,95,60 capsules,,[],false,false,true,true,false,WEIGHT_LOSS,"Per capsule: 500mg Bitter Melon Extract","Bitter Melon Fruit Extract",Ayurvedic Certified,,carbamide-forte-bitter-melon
BEAUTYWISE Gymnema,1299,1599,AYURVEDA & HERBS,Herbs for Weight Loss,BEAUTYWISE,Sugar destroyer herb,https://cdn2.nutrabay.com/uploads/variant/images/featured_image-NB-NUT-1061-23-1756467618-1500x1500.webp,"https://cdn2.nutrabay.com/uploads/variant/images/image_2-NB-NUT-1061-23-1756467320-1500x1500.webp",4.1,120,90 capsules,,[],true,true,false,false,true,WEIGHT_LOSS,"Per capsule: 400mg Gymnema Extract","Gymnema Sylvestre Leaf Extract",Quality Tested,,beautywise-gymnema
NATUREYZ Cinnamon,799,999,AYURVEDA & HERBS,Vital Herbs,NATUREYZ,Ceylon cinnamon extract,https://cdn2.nutrabay.com/uploads/variant/images/featured_image-NB-NUT-1061-23-1756467618-1500x1500.webp,"https://cdn2.nutrabay.com/uploads/variant/images/image_2-NB-NUT-1061-23-1756467320-1500x1500.webp",4.3,155,60 capsules,,[],false,false,true,true,false,HEALTH_WELLNESS,"Per capsule: 500mg Ceylon Cinnamon","Ceylon Cinnamon Bark Extract",Organic Certified,,natureyz-cinnamon
MYFITNESS Protein Bar,199,249,HEALTH FOOD & DRINKS,Weight Loss Foods,MYFITNESS,High-protein low-carb bar,https://cdn2.nutrabay.com/uploads/variant/images/featured_image-NB-NUT-1061-23-1756467618-1500x1500.webp,"https://cdn2.nutrabay.com/uploads/variant/images/image_2-NB-NUT-1061-23-1756467320-1500x1500.webp",4.3,200,60g,"Chocolate Chip,Cookies & Cream",{},true,false,true,false,FALSE,MUSCLE_GAIN,"Per bar: 20g Protein, 4g Net Carbs","Whey Protein Isolate, Almonds",Quality Certified,,myfitness-protein-bar
YOGABAR Protein Bar,249,299,HEALTH FOOD & DRINKS,Weight Loss Foods,YOGABAR,Low carb protein bar,https://cdn2.nutrabay.com/uploads/variant/images/featured_image-NB-NUT-1061-23-1756467618-1500x1500.webp,"https://cdn2.nutrabay.com/uploads/variant/images/image_2-NB-NUT-1061-23-1756467320-1500x1500.webp",4.2,180,60g,"Chocolate Chip,Peanut Butter",{},false,true,true,false,FALSE,WEIGHT_LOSS,"Per bar: 16g Protein, 2g Net Carbs","Soy Protein Isolate, Almonds",Quality Tested,,yogabar-protein-bar
THE WHOLE TRUTH NUTRITION Shake,299,399,HEALTH FOOD & DRINKS,Weight Loss Foods,THE WHOLE TRUTH NUTRITION,Meal replacement shake,https://cdn2.nutrabay.com/uploads/variant/images/featured_image-NB-NUT-1061-23-1756467618-1500x1500.webp,"https://cdn2.nutrabay.com/uploads/variant/images/image_2-NB-NUT-1061-23-1756467320-1500x1500.webp",4.1,160,325ml,"Chocolate,Vanilla,Strawberry",{},true,true,false,FALSE,FALSE,WEIGHT_LOSS,"Per shake: 10g Protein, 180 Calories","Milk Protein, Soy Protein",FDA Approved,,the-whole-truth-nutrition-shake
WELLBEING Formula 1,1999,2399,HEALTH FOOD & DRINKS,Weight Loss Foods,WELLBEING,Nutritional shake mix,https://cdn2.nutrabay.com/uploads/variant/images/featured_image-NB-NUT-1061-23-1756467618-1500x1500.webp,"https://cdn2.nutrabay.com/uploads/variant/images/image_2-NB-NUT-1061-23-1756467320-1500x1500.webp",4.3,195,550g,"Vanilla,Chocolate,Berry",{},false,false,true,TRUE,TRUE,WEIGHT_LOSS,"Per serving (25g): 9g Protein, 90 Calories","Soy Protein Isolate, Fructose",Quality Tested,,wellbeing-formula-1
NEUHERBS Special K,399,499,HEALTH FOOD & DRINKS,Weight Loss Foods,NEUHERBS,Protein shake,https://cdn2.nutrabay.com/uploads/variant/images/featured_image-NB-NUT-1061-23-1756467618-1500x1500.webp,"https://cdn2.nutrabay.com/uploads/variant/images/image_2-NB-NUT-1061-23-1756467320-1500x1500.webp",4.0,140,325ml,"Chocolate,Vanilla",{},true,false,false,false,FALSE,WEIGHT_LOSS,"Per shake: 10g Protein, 190 Calories","Milk Protein Concentrate, Soy Protein",FDA Approved,,neuherbs-special-k
NAKPRO Essentials,199,249,HEALTH FOOD & DRINKS,Health Juices,NAKPRO,Probiotic juice,https://cdn2.nutrabay.com/uploads/variant/images/featured_image-NB-NUT-1061-23-1756467618-1500x1500.webp,"https://cdn2.nutrabay.com/uploads/variant/images/image_2-NB-NUT-1061-23-1756467320-1500x1500.webp",4.2,165,1L,"Orange,Mixed Berry",{},false,true,true,true,FALSE,HEALTH_WELLNESS,"Per serving (240ml): 1 Billion Probiotics","Orange Juice, Probiotic Cultures",Quality Tested,,nakpro-essentials
ALPINO Fruit Juice,149,199,HEALTH FOOD & DRINKS,Health Juices,ALPINO,100% fruit juice,https://cdn2.nutrabay.com/uploads/variant/images/featured_image-NB-NUT-1061-23-1756467618-1500x1500.webp,"https://cdn2.nutrabay.com/uploads/variant/images/image_2-NB-NUT-1061-23-1756467320-1500x1500.webp",4.1,150,1L,"Orange,Apple,Mixed Fruit",{},true,false,false,FALSE,TRUE,HEALTH_WELLNESS,"Per serving (200ml): 100% Fruit Juice","Fruit Juice Concentrate, Natural Flavors",Quality Tested,,alpino-fruit-juice
AS-IT-IS Drinks,99,149,HEALTH FOOD & DRINKS,Health Juices,AS-IT-IS,Traditional Indian drinks,https://cdn2.nutrabay.com/uploads/variant/images/featured_image-NB-NUT-1061-23-1756467618-1500x1500.webp,"https://cdn2.nutrabay.com/uploads/variant/images/image_2-NB-NUT-1061-23-1756467320-1500x1500.webp",4.0,120,250ml,"Aam Panna,Jaljeera,Kokum",{},false,false,true,FALSE,FALSE,HEALTH_WELLNESS,"Per bottle: Traditional Recipe","Water, Sugar, Natural Extracts",Quality Tested,,as-it-is-drinks
FAST AND UP Heart Rate Monitor,4999,5999,FITNESS,Fitness Trackers,FAST AND UP,Advanced heart rate monitor,https://cdn2.nutrabay.com/uploads/variant/images/featured_image-NB-NUT-1061-23-1756467618-1500x1500.webp,"https://cdn2.nutrabay.com/uploads/variant/images/image_2-NB-NUT-1061-23-1756467320-1500x1500.webp",4.4,185,1 piece,,[],true,false,true,true,false,ENERGY_PERFORMANCE,"GPS, Heart Rate Zones, Training Load","Electronic Components, Silicone Strap",Tech Certified,,fast-and-up-heart-rate-monitor
BOLT Sports Watch,8999,10999,FITNESS,Fitness Trackers,BOLT,Multi-sport GPS watch,https://cdn2.nutrabay.com/uploads/variant/images/featured_image-NB-NUT-1061-23-1756467618-1500x1500.webp,"https://cdn2.nutrabay.com/uploads/variant/images/image_2-NB-NUT-1061-23-1756467320-1500x1500.webp",4.5,160,1 piece,,[],false,true,true,true,true,ENERGY_PERFORMANCE,"80+ Sport Modes, GPS, Barometric Altitude","Titanium Case, Sapphire Crystal",Tech Certified,,bolt-sports-watch
BPI Fitness Tracker,6999,7999,FITNESS,Fitness Trackers,BPI,G-Shock fitness tracker,https://cdn2.nutrabay.com/uploads/variant/images/featured_image-NB-NUT-1061-23-1756467618-1500x1500.webp,"https://cdn2.nutrabay.com/uploads/variant/images/image_2-NB-NUT-1061-23-1756467320-1500x1500.webp",4.3,175,1 piece,,[],true,true,false,false,false,ENERGY_PERFORMANCE,"Shock Resistant, Step Counter","Resin Case, Mineral Glass",Quality Tested,,bpi-fitness-tracker
BEAST LIFE Dumbbells,34999,39999,FITNESS,Gym Accessories,BEAST LIFE,Adjustable dumbbell set,https://cdn2.nutrabay.com/uploads/variant/images/featured_image-NB-NUT-1061-23-1756467618-1500x1500.webp,"https://cdn2.nutrabay.com/uploads/variant/images/image_2-NB-NUT-1061-23-1756467320-1500x1500.webp",4.6,140,22kg pair,,[],false,false,true,true,true,ENERGY_PERFORMANCE,"Quick Weight Changes, Expandable to 41kg","Steel Construction, Urethane Coating",Quality Tested,,beast-life-dumbbells
GAT Pull-up Bar,1999,2499,FITNESS,Gym Accessories,GAT,Total upper body workout bar,https://cdn2.nutrabay.com/uploads/variant/images/featured_image-NB-NUT-1061-23-1756467618-1500x1500.webp,"https://cdn2.nutrabay.com/uploads/variant/images/image_2-NB-NUT-1061-23-1756467320-1500x1500.webp",4.2,190,1 piece,,[],true,false,false,false,false,ENERGY_PERFORMANCE,"3 Grip Positions, No Screws Required","Steel Construction, Foam Grips",Quality Tested,,gat-pull-up-bar
ISOPURE Pushup Handles,1299,1599,FITNESS,Gym Accessories,ISOPURE,Rotating pushup handles,https://cdn2.nutrabay.com/uploads/variant/images/featured_image-NB-NUT-1061-23-1756467618-1500x1500.webp,"https://cdn2.nutrabay.com/uploads/variant/images/image_2-NB-NUT-1061-23-1756467320-1500x1500.webp",4.1,155,1 pair,,[],false,true,true,false,false,ENERGY_PERFORMANCE,"Rotating Handles, Reduces Wrist Strain","Steel Base, Rubber Grips",Quality Tested,,isopure-pushup-handles
KAGED Ab Wheel,899,1199,FITNESS,Gym Accessories,KAGED,Ab roller wheel,https://cdn2.nutrabay.com/uploads/variant/images/featured_image-NB-NUT-1061-23-1756467618-1500x1500.webp,"https://cdn2.nutrabay.com/uploads/variant/images/image_2-NB-NUT-1061-23-1756467320-1500x1500.webp",4.0,145,1 piece,,[],true,false,false,true,true,ENERGY_PERFORMANCE,"Dual Wheels, Knee Pad Included","Steel Frame, Rubber Wheels",Quality Tested,,kaged-ab-wheel
INTERNATIONAL PROTEIN Cleanser,1299,1599,WELLNESS,Skin Care,INTERNATIONAL PROTEIN,Toleriane caring wash,https://cdn2.nutrabay.com/uploads/variant/images/featured_image-NB-NUT-1061-23-1756467618-1500x1500.webp,"https://cdn2.nutrabay.com/uploads/variant/images/image_2-NB-NUT-1061-23-1756467320-1500x1500.webp",4.5,200,200ml,,[],false,true,true,true,false,HEALTH_WELLNESS,"Gentle Cleanser, Sensitive Skin","Thermal Spring Water, Glycerin",Dermatologist Tested,,international-protein-cleanser
HEALTH FARM Serum,2199,2599,WELLNESS,Skin Care,HEALTH FARM,Mineral 89 hyaluronic acid,https://cdn2.nutrabay.com/uploads/variant/images/featured_image-NB-NUT-1061-23-1756467618-1500x1500.webp,"https://cdn2.nutrabay.com/uploads/variant/images/image_2-NB-NUT-1061-23-1756467320-1500x1500.webp",4.4,185,50ml,,[],true,false,false,false,true,HEALTH_WELLNESS,"89% Thermal Water, Hyaluronic Acid","Thermal Water, Hyaluronic Acid",Dermatologist Tested,,health-farm-serum
MUSCLE BLAZE Thermal Water,899,1199,WELLNESS,Skin Care,MUSCLE BLAZE,Thermal spring water spray,https://cdn2.nutrabay.com/uploads/variant/images/featured_image-NB-NUT-1061-23-1756467618-1500x1500.webp,"https://cdn2.nutrabay.com/uploads/variant/images/image_2-NB-NUT-1061-23-1756467320-1500x1500.webp",4.3,170,300ml,,[],false,false,true,true,false,HEALTH_WELLNESS,"100% Sterile Thermal Spring Water","Thermal Spring Water",Quality Tested,,muscle-blaze-thermal-water
MYFITNESS PEANUT BUTTER Face Cream,1599,1899,WELLNESS,Skin Care,MYFITNESS PEANUT BUTTER,Daily face cream,https://cdn2.nutrabay.com/uploads/variant/images/featured_image-NB-NUT-1061-23-1756467618-1500x1500.webp,"https://cdn2.nutrabay.com/uploads/variant/images/image_2-NB-NUT-1061-23-1756467320-1500x1500.webp",4.2,155,50ml,,[],true,true,false,false,false,HEALTH_WELLNESS,"Hyaluronic Acid, SPF 15, Anti-Aging","Hyaluronic Acid, Glycerin",Dermatologist Tested,,myfitness-peanut-butter-face-cream
POLE NUTRITION Men Shampoo,399,499,WELLNESS,Hair Care,POLE NUTRITION,Men strong power shampoo,https://cdn2.nutrabay.com/uploads/variant/images/featured_image-NB-NUT-1061-23-1756467618-1500x1500.webp,"https://cdn2.nutrabay.com/uploads/variant/images/image_2-NB-NUT-1061-23-1756467320-1500x1500.webp",4.1,180,400ml,,[],false,false,true,false,true,HEALTH_WELLNESS,"Strengthens Hair, Reduces Hair Fall","Bamboo Extract, Caffeine, Menthol",Quality Tested,,pole-nutrition-men-shampoo
PINTOLA Shampoo,299,399,WELLNESS,Hair Care,PINTOLA,Anti-dandruff shampoo,https://cdn2.nutrabay.com/uploads/variant/images/featured_image-NB-NUT-1061-23-1756467618-1500x1500.webp,"https://cdn2.nutrabay.com/uploads/variant/images/image_2-NB-NUT-1061-23-1756467320-1500x1500.webp",4.3,220,340ml,"Classic Clean,Smooth & Silky",{},true,true,true,false,FALSE,HEALTH_WELLNESS,"Zinc Pyrithione, Anti-Dandruff Formula","Zinc Pyrithione, Sodium Lauryl Sulfate",FDA Approved,,pintola-shampoo
RAW NUTRITION Hair Mask,599,799,WELLNESS,Hair Care,RAW NUTRITION,Pro-V hair mask,https://cdn2.nutrabay.com/uploads/variant/images/featured_image-NB-NUT-1061-23-1756467618-1500x1500.webp,"https://cdn2.nutrabay.com/uploads/variant/images/image_2-NB-NUT-1061-23-1756467320-1500x1500.webp",4.2,165,300ml,"Repair & Protect,Smooth & Sleek",{},false,true,false,true,FALSE,HEALTH_WELLNESS,"Pro-Vitamin B5, Intensive Repair","Panthenol, Histidine, Vitamin E",Quality Tested,,raw-nutrition-hair-mask
XTEND Hair Serum,799,999,WELLNESS,Hair Care,XTEND,Extraordinary oil serum,https://cdn2.nutrabay.com/uploads/variant/images/featured_image-NB-NUT-1061-23-1756467618-1500x1500.webp,"https://cdn2.nutrabay.com/uploads/variant/images/image_2-NB-NUT-1061-23-1756467320-1500x1500.webp",4.4,190,100ml,,[],true,false,true,true,true,HEALTH_WELLNESS,"6 Rare Flower Oils, Nourishing Formula","Rose, Chamomile, Tiare, Lotus Oils",Quality Tested,,xtend-hair-serum
RANBDS Hair Conditioner,699,899,WELLNESS,Hair Care,RANBDS,Biolage conditioner,https://cdn2.nutrabay.com/uploads/variant/images/featured_image-NB-NUT-1061-23-1756467618-1500x1500.webp,"https://cdn2.nutrabay.com/uploads/variant/images/image_2-NB-NUT-1061-23-1756467320-1500x1500.webp",4.1,145,400ml,"Hydra Source,Color Last",{},false,false,false,false,FALSE,HEALTH_WELLNESS,"Aloe Leaf Extract, Moisturizing Formula","Aloe Barbadensis Leaf Juice, Glycerin",Professional Grade,,ranbds-hair-conditioner
DENIS JAMES Hair Color,899,1199,WELLNESS,Hair Care,DENIS JAMES,Professional hair color,https://cdn2.nutrabay.com/uploads/variant/images/featured_image-NB-NUT-1061-23-1756467618-1500x1500.webp,"https://cdn2.nutrabay.com/uploads/variant/images/image_2-NB-NUT-1061-23-1756467320-1500x1500.webp",4.0,125,1 kit,"Dark Brown,Light Brown,Black",{},true,false,false,FALSE,TRUE,HEALTH_WELLNESS,"Permanent Hair Color, Ammonia-Free","Hair Colorant, Developer, Conditioner",Professional Grade,,denis-james-hair-color
DEXTER JACKSON Protein,3199,3699,SPORTS NUTRITION,Proteins,DEXTER JACKSON,Premium whey protein,https://cdn2.nutrabay.com/uploads/variant/images/featured_image-NB-NUT-1061-23-1756467618-1500x1500.webp,"https://cdn2.nutrabay.com/uploads/variant/images/image_2-NB-NUT-1061-23-1756467320-1500x1500.webp",4.4,180,2kg,"Chocolate,Vanilla,Cookies",{},true,false,false,TRUE,TRUE,MUSCLE_GAIN,"Per serving (32g): 25g Protein, 120 Calories","Whey Protein Isolate, Whey Protein Concentrate",FDA Approved,,dexter-jackson-protein
EXALT Pre-Workout,2499,2999,SPORTS NUTRITION,Pre/Post Workout,EXALT,Explosive pre-workout formula,https://cdn2.nutrabay.com/uploads/variant/images/featured_image-NB-NUT-1061-23-1756467618-1500x1500.webp,"https://cdn2.nutrabay.com/uploads/variant/images/image_2-NB-NUT-1061-23-1756467320-1500x1500.webp",4.3,200,300g,"Fruit Punch,Blue Razz",{},true,true,true,false,TRUE,ENERGY_PERFORMANCE,"Per serving (10g): 200mg Caffeine, 3g Beta-Alanine","Caffeine Anhydrous, Beta-Alanine",NSF Certified,,exalt-pre-workout
MI (MUSCLE IMPACT NUTRITION) Amino,1899,2299,SPORTS NUTRITION,Amino Acids,MI (MUSCLE IMPACT NUTRITION),Essential amino acids for recovery,https://cdn2.nutrabay.com/uploads/variant/images/featured_image-NB-NUT-1061-23-1756467618-1500x1500.webp,"https://cdn2.nutrabay.com/uploads/variant/images/image_2-NB-NUT-1061-23-1756467320-1500x1500.webp",4.1,120,500g,"Orange,Lemon",{},false,false,true,true,FALSE,MUSCLE_GAIN,"Per serving (15g): 7g BCAA, 10 Calories","L-Leucine, L-Isoleucine, L-Valine",Quality Tested,,mi-muscle-impact-nutrition-amino
NUTRAMARC Mass Gainer,3299,3799,SPORTS NUTRITION,Gainers,NUTRAMARC,High-calorie mass gainer,https://cdn2.nutrabay.com/uploads/variant/images/featured_image-NB-NUT-1061-23-1756467618-1500x1500.webp,"https://cdn2.nutrabay.com/uploads/variant/images/image_2-NB-NUT-1061-23-1756467320-1500x1500.webp",4.2,89,3kg,"Chocolate,Vanilla",{},false,true,false,false,FALSE,MUSCLE_GAIN,"Per serving (100g): 50g Protein, 1000 Calories","Whey Protein Concentrate, Maltodextrin",GMP Certified,,nutramarc-mass-gainer
REDCON Pre-Workout,2699,3199,SPORTS NUTRITION,Pre/Post Workout,REDCON,Military-grade pre-workout,https://cdn2.nutrabay.com/uploads/variant/images/featured_image-NB-NUT-1061-23-1756467618-1500x1500.webp,"https://cdn2.nutrabay.com/uploads/variant/images/image_2-NB-NUT-1061-23-1756467320-1500x1500.webp",4.4,165,240g,"Tiger's Blood,Blue Lemonade",{},false,true,true,true,FALSE,ENERGY_PERFORMANCE,"Per serving (14g): 350mg Caffeine, 3.2g Beta-Alanine","Caffeine, Beta-Alanine, Citrulline Malate",GMP Certified,,redcon-pre-workout
RULE ONE Protein,2899,3399,SPORTS NUTRITION,Proteins,RULE ONE,Premium whey isolate,https://cdn2.nutrabay.com/uploads/variant/images/featured_image-NB-NUT-1061-23-1756467618-1500x1500.webp,"https://cdn2.nutrabay.com/uploads/variant/images/image_2-NB-NUT-1061-23-1756467320-1500x1500.webp",4.3,165,2kg,"Chocolate Fudge,Vanilla Creme",{},false,true,true,true,FALSE,MUSCLE_GAIN,"Per serving (32g): 25g Protein, 110 Calories","Whey Protein Isolate, Natural Flavors",FDA Approved,,rule-one-protein
ATOM BCAA,1799,2199,SPORTS NUTRITION,Amino Acids,ATOM,Premium BCAA formula,https://cdn2.nutrabay.com/uploads/variant/images/featured_image-NB-NUT-1061-23-1756467618-1500x1500.webp,"https://cdn2.nutrabay.com/uploads/variant/images/image_2-NB-NUT-1061-23-1756467320-1500x1500.webp",4.4,185,420g,"Blue Razz,Mango",{},true,true,true,false,FALSE,MUSCLE_GAIN,"Per serving (14g): 7g BCAA, 0 Calories","BCAA 2:1:1, L-Glutamine, Citrulline Malate",NSF Certified,,atom-bcaa
TRUE BASICS Fish Oil,799,999,VITAMINS & SUPPLEMENTS,Omega Fatty Acids,TRUE BASICS,Premium omega-3 fish oil,https://cdn2.nutrabay.com/uploads/variant/images/featured_image-NB-NUT-1061-23-1756467618-1500x1500.webp,"https://cdn2.nutrabay.com/uploads/variant/images/image_2-NB-NUT-1061-23-1756467320-1500x1500.webp",4.3,150,120 capsules,,[],true,false,true,true,false,HEALTH_WELLNESS,"Per capsule: 1000mg Fish Oil, 300mg EPA","Fish Oil, EPA, DHA, Gelatin Capsule",FDA Approved,,true-basics-fish-oil
CLOMA PHARMA Multivitamin,599,799,VITAMINS & SUPPLEMENTS,Multivitamins,CLOMA PHARMA,Complete daily multivitamin,https://cdn2.nutrabay.com/uploads/variant/images/featured_image-NB-NUT-1061-23-1756467618-1500x1500.webp,"https://cdn2.nutrabay.com/uploads/variant/images/image_2-NB-NUT-1061-23-1756467320-1500x1500.webp",4.2,180,60 tablets,,[],false,true,false,false,false,HEALTH_WELLNESS,"Per tablet: 25 Essential Vitamins & Minerals","Vitamin A, C, D, E, B-Complex, Calcium",Quality Certified,,cloma-pharma-multivitamin
CONDEMNED Vitamin D,599,799,VITAMINS & SUPPLEMENTS,Multivitamins,CONDEMNED,Vitamin D3 supplement,https://cdn2.nutrabay.com/uploads/variant/images/featured_image-NB-NUT-1061-23-1756467618-1500x1500.webp,"https://cdn2.nutrabay.com/uploads/variant/images/image_2-NB-NUT-1061-23-1756467320-1500x1500.webp",4.5,200,60 tablets,,[],false,false,true,true,false,HEALTH_WELLNESS,"Per tablet: 2000 IU Vitamin D3","Cholecalciferol (Vitamin D3)",FDA Approved,,condemned-vitamin-d
MUSCLEMEDS Vitamin C,499,699,VITAMINS & SUPPLEMENTS,Multivitamins,MUSCLEMEDS,Vitamin C immune support,https://cdn2.nutrabay.com/uploads/variant/images/featured_image-NB-NUT-1061-23-1756467618-1500x1500.webp,"https://cdn2.nutrabay.com/uploads/variant/images/image_2-NB-NUT-1061-23-1756467320-1500x1500.webp",4.3,180,90 tablets,,[],true,true,true,false,true,HEALTH_WELLNESS,"Per tablet: 1000mg Vitamin C","Ascorbic Acid, Rose Hips, Citrus Bioflavonoids",Quality Tested,,musclemeds-vitamin-c
FA ICE HYDRO B-Complex,699,899,VITAMINS & SUPPLEMENTS,Multivitamins,FA ICE HYDRO,B-complex vitamin supplement,https://cdn2.nutrabay.com/uploads/variant/images/featured_image-NB-NUT-1061-23-1756467618-1500x1500.webp,"https://cdn2.nutrabay.com/uploads/variant/images/image_2-NB-NUT-1061-23-1756467320-1500x1500.webp",4.2,150,60 tablets,,[],false,true,false,true,false,ENERGY_PERFORMANCE,"Per tablet: B1, B2, B6, B12, Niacin","B-Vitamin Complex, Microcrystalline Cellulose",FDA Approved,,fa-ice-hydro-b-complex
ANDROPIQUE Iron,399,599,VITAMINS & SUPPLEMENTS,Multivitamins,ANDROPIQUE,Iron deficiency supplement,https://cdn2.nutrabay.com/uploads/variant/images/featured_image-NB-NUT-1061-23-1756467618-1500x1500.webp,"https://cdn2.nutrabay.com/uploads/variant/images/image_2-NB-NUT-1061-23-1756467320-1500x1500.webp",4.0,120,90 tablets,,[],true,false,true,false,true,HEALTH_WELLNESS,"Per tablet: 18mg Iron, 60mg Vitamin C","Ferrous Sulfate, Ascorbic Acid",Quality Tested,,andropique-iron
ACE BLEND Calcium,799,999,VITAMINS & SUPPLEMENTS,Multivitamins,ACE BLEND,Calcium bone health,https://cdn2.nutrabay.com/uploads/variant/images/featured_image-NB-NUT-1061-23-1756467618-1500x1500.webp,"https://cdn2.nutrabay.com/uploads/variant/images/image_2-NB-NUT-1061-23-1756467320-1500x1500.webp",4.3,140,120 tablets,,[],false,true,false,true,false,HEALTH_WELLNESS,"Per tablet: 600mg Calcium, 400 IU Vitamin D","Calcium Carbonate, Vitamin D3",FDA Approved,,ace-blend-calcium
MYODROL Zinc,299,399,VITAMINS & SUPPLEMENTS,Multivitamins,MYODROL,Zinc immune support,https://cdn2.nutrabay.com/uploads/variant/images/featured_image-NB-NUT-1061-23-1756467618-1500x1500.webp,"https://cdn2.nutrabay.com/uploads/variant/images/image_2-NB-NUT-1061-23-1756467320-1500x1500.webp",4.4,190,60 tablets,,[],true,false,true,true,true,HEALTH_WELLNESS,"Per tablet: 15mg Zinc","Zinc Gluconate, Microcrystalline Cellulose",Quality Tested,,myodrol-zinc
FUEL ONE Magnesium,699,899,VITAMINS & SUPPLEMENTS,Multivitamins,FUEL ONE,Magnesium relaxation,https://cdn2.nutrabay.com/uploads/variant/images/featured_image-NB-NUT-1061-23-1756467618-1500x1500.webp,"https://cdn2.nutrabay.com/uploads/variant/images/image_2-NB-NUT-1061-23-1756467320-1500x1500.webp",4.2,130,90 capsules,,[],false,false,false,true,true,HEALTH_WELLNESS,"Per capsule: 400mg Magnesium","Magnesium Glycinate, Vegetable Capsule",FDA Approved,,fuel-one-magnesium
NAKPRO PROTEIN Omega 3,899,1199,VITAMINS & SUPPLEMENTS,Omega Fatty Acids,NAKPRO PROTEIN,Pure omega-3 supplement,https://cdn2.nutrabay.com/uploads/variant/images/featured_image-NB-NUT-1061-23-1756467618-1500x1500.webp,"https://cdn2.nutrabay.com/uploads/variant/images/image_2-NB-NUT-1061-23-1756467320-1500x1500.webp",4.5,170,120 capsules,,[],true,true,true,true,false,HEALTH_WELLNESS,"Per capsule: 1000mg Omega-3, 500mg EPA","Omega-3 Fatty Acids, EPA, DHA",Quality Tested,,nakpro-protein-omega-3
AESTHETIC NUTRITION Melatonin,399,599,VITAMINS & SUPPLEMENTS,Multivitamins,AESTHETIC NUTRITION,Melatonin sleep aid,https://cdn2.nutrabay.com/uploads/variant/images/featured_image-NB-NUT-1061-23-1756467618-1500x1500.webp,"https://cdn2.nutrabay.com/uploads/variant/images/image_2-NB-NUT-1061-23-1756467320-1500x1500.webp",4.0,95,60 tablets,,[],true,false,false,false,false,HEALTH_WELLNESS,"Per tablet: 3mg Melatonin","Melatonin, Microcrystalline Cellulose",Quality Tested,,aesthetic-nutrition-melatonin
MONSTER LAB Fat Burner,1999,2499,VITAMINS & SUPPLEMENTS,Fat Burners,MONSTER LAB,Advanced fat burning formula,https://cdn2.nutrabay.com/uploads/variant/images/featured_image-NB-NUT-1061-23-1756467618-1500x1500.webp,"https://cdn2.nutrabay.com/uploads/variant/images/image_2-NB-NUT-1061-23-1756467320-1500x1500.webp",4.1,75,60 capsules,,[],false,false,false,true,true,WEIGHT_LOSS,"Per capsule: 400mg Green Coffee Extract","Green Coffee Bean Extract, Caffeine Anhydrous",FDA Approved,,monster-lab-fat-burner
ONE SCIENCE L-Carnitine,1299,1599,VITAMINS & SUPPLEMENTS,Fat Burners,ONE SCIENCE,L-Carnitine fat burner,https://cdn2.nutrabay.com/uploads/variant/images/featured_image-NB-NUT-1061-23-1756467618-1500x1500.webp,"https://cdn2.nutrabay.com/uploads/variant/images/image_2-NB-NUT-1061-23-1756467320-1500x1500.webp",4.1,105,90 capsules,,[],true,true,false,false,false,WEIGHT_LOSS,"Per capsule: 500mg L-Carnitine","L-Carnitine Tartrate, Vegetable Capsule",Quality Tested,,one-science-l-carnitine